Gene+SNP,Wildtype: AF=0%,Minor: AF < 50%,Major: AF >= 50%,Samplesize
DHFR:S108N,0,1.0,0,N=555.0
PfCRT:N75K,0.93842,0.00587,0.05572,N=341.0
PfCRT:M343K,0.99626,0,0.00374,N=535.0
DHFR:C59R,0.03136,0.81533,0.15331,N=574.0
PfCRT:K76T,0.54404,0.05527,0.40069,N=579.0
PfCRT:I356T,0.81887,0.01132,0.16981,N=530.0
DHPS_437Corrected :A437G,0.00701,0.97898,0.01401,N=571.0
DHPS_437Corrected :S436A,0.54212,0.05128,0.40659,N=546.0
PfCRT:Q271E,0.5509,0.04591,0.40319,N=501.0
DHPS_437Corrected :K540E,0.40476,0.04762,0.54762,N=546.0
DHPS_437Corrected :A581G,0.92376,0.00532,0.07092,N=564.0
PfMDR1 :N86D,0.99478,0,0.00522,N=383.0
PfCRT:N75E,0.56537,0.05477,0.37986,N=566.0
DHFR:N51I,0.00549,0.99451,0,N=546.0
PfCRT:M74I,0.58909,0.05636,0.35455,N=550.0
PfMDR1 :Y184F,0.37556,0.24,0.38444,N=450.0
PfCRT:M74L,0.99083,0,0.00917,N=327.0
PfCRT:A220S,0.44118,0.04902,0.5098,N=510.0
PfCRT:R371I,0.536,0.038,0.426,N=500.0
PfMDR1 :N86Y,0.83553,0.01754,0.14693,N=456.0
DHPS_437Corrected :A581V,0.99618,0,0.00382,N=523.0
DHPS_437Corrected :A613V,0.99632,0,0.00368,N=543.0
DHPS_437Corrected :A613S,0.92637,0.00514,0.06849,N=584.0
DHPS_437Corrected :S436F,0.99329,0,0.00671,N=298.0
PfMDR1 :D1246Y,0.99542,0.00458,0,N=437.0
PfCRT:C72S,1.0,0,0,N=543.0
PfCRT:T93S,1.0,0,0,N=569.0
PfCRT:G353V,1.0,0,0,N=543.0
PfCRT:V73V,1.0,0,0,N=553.0
PfMDR1 :N1042D,1.0,0,0,N=419.0
PfMDR1 :S1034C,1.0,0,0,N=421.0
PfCRT:H97Y,1.0,0,0,N=559.0
K13:N537I,1.0,0,0,N=572.0
K13:G538V,1.0,0,0,N=562.0
K13:R539T,1.0,0,0,N=581.0
K13:I543T,1.0,0,0,N=571.0
K13:A675V,1.0,0,0,N=547.0
PfCRT:N326S,1.0,0,0,N=488.0
DHFR:I164L,1.0,0,0,N=575.0
CYTB:I258M,1.0,0,0,N=42.0
CYTB:Y268N,1.0,0,0,N=42.0
K13:Y493H,1.0,0,0,N=563.0
K13:P441L,1.0,0,0,N=581.0
K13:F446I,1.0,0,0,N=560.0
K13:G449A,1.0,0,0,N=562.0
K13:P527H,1.0,0,0,N=568.0
K13:P553L,1.0,0,0,N=569.0
K13:R561H,1.0,0,0,N=581.0
K13:V568G,1.0,0,0,N=571.0
K13:P574L,1.0,0,0,N=580.0
K13:A578S,1.0,0,0,N=582.0
K13:C580Y,1.0,0,0,N=573.0
K13:D584V,1.0,0,0,N=570.0
K13:R622I,1.0,0,0,N=573.0
PfCRT:C350R,1.0,0,0,N=506.0
PfCRT:M343L,1.0,0,0,N=533.0
PfCRT:F145I,1.0,0,0,N=551.0
DHFR:A16V,1.0,0,0,N=545.0
K13:R515K,1.0,0,0,N=548.0
K13:C469F,1.0,0,0,N=553.0
K13:C469Y,1.0,0,0,N=553.0
K13:M476I,1.0,0,0,N=556.0
K13:A481V,1.0,0,0,N=570.0
K13:N458Y,1.0,0,0,N=554.0
